frames_dir,transcript
C:\Silent Speech Recognition Project\Dataset\custom_processed1\speaker 1\help\train\IMG_6493_MOV,help
C:\Silent Speech Recognition Project\Dataset\custom_processed1\speaker 1\help\train\IMG_6494_MOV,help
C:\Silent Speech Recognition Project\Dataset\custom_processed1\speaker 1\help\train\IMG_6495_MOV,help
C:\Silent Speech Recognition Project\Dataset\custom_processed1\speaker 1\help\train\IMG_6496_MOV,help
C:\Silent Speech Recognition Project\Dataset\custom_processed1\speaker 1\help\train\IMG_6497_MOV,help
C:\Silent Speech Recognition Project\Dataset\custom_processed1\speaker 1\help\train\IMG_6498_MOV,help
C:\Silent Speech Recognition Project\Dataset\custom_processed1\speaker 1\help\train\IMG_6499_MOV,help
C:\Silent Speech Recognition Project\Dataset\custom_processed1\speaker 1\help\train\IMG_6500_MOV,help
C:\Silent Speech Recognition Project\Dataset\custom_processed1\speaker 1\no\train\IMG_6480_MOV,no
C:\Silent Speech Recognition Project\Dataset\custom_processed1\speaker 1\no\train\IMG_6481_MOV,no
C:\Silent Speech Recognition Project\Dataset\custom_processed1\speaker 1\no\train\IMG_6482_MOV,no
C:\Silent Speech Recognition Project\Dataset\custom_processed1\speaker 1\no\train\IMG_6484_MOV,no
C:\Silent Speech Recognition Project\Dataset\custom_processed1\speaker 1\no\train\IMG_6485_MOV,no
C:\Silent Speech Recognition Project\Dataset\custom_processed1\speaker 1\no\train\IMG_6486_MOV,no
C:\Silent Speech Recognition Project\Dataset\custom_processed1\speaker 1\no\train\IMG_6488_MOV,no
C:\Silent Speech Recognition Project\Dataset\custom_processed1\speaker 1\no\train\IMG_6489_MOV,no
C:\Silent Speech Recognition Project\Dataset\custom_processed1\speaker 1\pain\train\IMG_6524_MOV,pain
C:\Silent Speech Recognition Project\Dataset\custom_processed1\speaker 1\pain\train\IMG_6525_MOV,pain
C:\Silent Speech Recognition Project\Dataset\custom_processed1\speaker 1\pain\train\IMG_6526_MOV,pain
C:\Silent Speech Recognition Project\Dataset\custom_processed1\speaker 1\pain\train\IMG_6528_MOV,pain
C:\Silent Speech Recognition Project\Dataset\custom_processed1\speaker 1\pain\train\IMG_6530_MOV,pain
C:\Silent Speech Recognition Project\Dataset\custom_processed1\speaker 1\pain\train\IMG_6531_MOV,pain
C:\Silent Speech Recognition Project\Dataset\custom_processed1\speaker 1\pain\train\IMG_6532_MOV,pain
C:\Silent Speech Recognition Project\Dataset\custom_processed1\speaker 1\pain\train\IMG_6533_MOV,pain
C:\Silent Speech Recognition Project\Dataset\custom_processed1\speaker 1\water\train\IMG_6503_MOV,water
C:\Silent Speech Recognition Project\Dataset\custom_processed1\speaker 1\water\train\IMG_6504_MOV,water
C:\Silent Speech Recognition Project\Dataset\custom_processed1\speaker 1\water\train\IMG_6505_MOV,water
C:\Silent Speech Recognition Project\Dataset\custom_processed1\speaker 1\water\train\IMG_6506_MOV,water
C:\Silent Speech Recognition Project\Dataset\custom_processed1\speaker 1\water\train\IMG_6507_MOV,water
C:\Silent Speech Recognition Project\Dataset\custom_processed1\speaker 1\water\train\IMG_6508_MOV,water
C:\Silent Speech Recognition Project\Dataset\custom_processed1\speaker 1\water\train\IMG_6509_MOV,water
C:\Silent Speech Recognition Project\Dataset\custom_processed1\speaker 1\water\train\IMG_6510_MOV,water
C:\Silent Speech Recognition Project\Dataset\custom_processed1\speaker 1\water\train\IMG_6511_MOV,water
C:\Silent Speech Recognition Project\Dataset\custom_processed1\speaker 1\water\train\IMG_6512_MOV,water
C:\Silent Speech Recognition Project\Dataset\custom_processed1\speaker 1\yes\train\IMG_6460_MOV,yes
C:\Silent Speech Recognition Project\Dataset\custom_processed1\speaker 1\yes\train\IMG_6461_MOV,yes
C:\Silent Speech Recognition Project\Dataset\custom_processed1\speaker 1\yes\train\IMG_6463_MOV,yes
C:\Silent Speech Recognition Project\Dataset\custom_processed1\speaker 1\yes\train\IMG_6464_MOV,yes
C:\Silent Speech Recognition Project\Dataset\custom_processed1\speaker 1\yes\train\IMG_6465_MOV,yes
C:\Silent Speech Recognition Project\Dataset\custom_processed1\speaker 1\yes\train\IMG_6466_MOV,yes
C:\Silent Speech Recognition Project\Dataset\custom_processed1\speaker 1\yes\train\IMG_6467_MOV,yes
C:\Silent Speech Recognition Project\Dataset\custom_processed1\speaker 1\yes\train\IMG_6468_MOV,yes
C:\Silent Speech Recognition Project\Dataset\custom_processed1\speaker 10\help\train\IMG_2578_MOV,help
C:\Silent Speech Recognition Project\Dataset\custom_processed1\speaker 10\help\train\IMG_2579_MOV,help
C:\Silent Speech Recognition Project\Dataset\custom_processed1\speaker 10\help\train\IMG_2580_MOV,help
C:\Silent Speech Recognition Project\Dataset\custom_processed1\speaker 10\help\train\IMG_2581_MOV,help
C:\Silent Speech Recognition Project\Dataset\custom_processed1\speaker 10\help\train\IMG_2582_MOV,help
C:\Silent Speech Recognition Project\Dataset\custom_processed1\speaker 10\help\train\IMG_2583_MOV,help
C:\Silent Speech Recognition Project\Dataset\custom_processed1\speaker 10\help\train\IMG_2584_MOV,help
C:\Silent Speech Recognition Project\Dataset\custom_processed1\speaker 10\help\train\IMG_2585_MOV,help
C:\Silent Speech Recognition Project\Dataset\custom_processed1\speaker 10\no\train\IMG_2539_MOV,no
C:\Silent Speech Recognition Project\Dataset\custom_processed1\speaker 10\no\train\IMG_2540_MOV,no
C:\Silent Speech Recognition Project\Dataset\custom_processed1\speaker 10\no\train\IMG_2541_MOV,no
C:\Silent Speech Recognition Project\Dataset\custom_processed1\speaker 10\no\train\IMG_2542_MOV,no
C:\Silent Speech Recognition Project\Dataset\custom_processed1\speaker 10\no\train\IMG_2544_MOV,no
C:\Silent Speech Recognition Project\Dataset\custom_processed1\speaker 10\no\train\IMG_2545_MOV,no
C:\Silent Speech Recognition Project\Dataset\custom_processed1\speaker 10\no\train\IMG_2546_MOV,no
C:\Silent Speech Recognition Project\Dataset\custom_processed1\speaker 10\no\train\IMG_2547_MOV,no
C:\Silent Speech Recognition Project\Dataset\custom_processed1\speaker 10\pain\train\IMG_2562_MOV,pain
C:\Silent Speech Recognition Project\Dataset\custom_processed1\speaker 10\pain\train\IMG_2563_MOV,pain
C:\Silent Speech Recognition Project\Dataset\custom_processed1\speaker 10\pain\train\IMG_2564_MOV,pain
C:\Silent Speech Recognition Project\Dataset\custom_processed1\speaker 10\pain\train\IMG_2565_MOV,pain
C:\Silent Speech Recognition Project\Dataset\custom_processed1\speaker 10\pain\train\IMG_2566_MOV,pain
C:\Silent Speech Recognition Project\Dataset\custom_processed1\speaker 10\pain\train\IMG_2567_MOV,pain
C:\Silent Speech Recognition Project\Dataset\custom_processed1\speaker 10\pain\train\IMG_2568_MOV,pain
C:\Silent Speech Recognition Project\Dataset\custom_processed1\speaker 10\pain\train\IMG_2569_MOV,pain
C:\Silent Speech Recognition Project\Dataset\custom_processed1\speaker 10\water\train\IMG_2552_MOV,water
C:\Silent Speech Recognition Project\Dataset\custom_processed1\speaker 10\water\train\IMG_2553_MOV,water
C:\Silent Speech Recognition Project\Dataset\custom_processed1\speaker 10\water\train\IMG_2554_MOV,water
C:\Silent Speech Recognition Project\Dataset\custom_processed1\speaker 10\water\train\IMG_2555_MOV,water
C:\Silent Speech Recognition Project\Dataset\custom_processed1\speaker 10\water\train\IMG_2556_MOV,water
C:\Silent Speech Recognition Project\Dataset\custom_processed1\speaker 10\water\train\IMG_2557_MOV,water
C:\Silent Speech Recognition Project\Dataset\custom_processed1\speaker 10\water\train\IMG_2558_MOV,water
C:\Silent Speech Recognition Project\Dataset\custom_processed1\speaker 10\water\train\IMG_2559_MOV,water
C:\Silent Speech Recognition Project\Dataset\custom_processed1\speaker 10\yes\train\IMG_2526_MOV,yes
C:\Silent Speech Recognition Project\Dataset\custom_processed1\speaker 10\yes\train\IMG_2527_MOV,yes
C:\Silent Speech Recognition Project\Dataset\custom_processed1\speaker 10\yes\train\IMG_2528_MOV,yes
C:\Silent Speech Recognition Project\Dataset\custom_processed1\speaker 10\yes\train\IMG_2529_MOV,yes
C:\Silent Speech Recognition Project\Dataset\custom_processed1\speaker 10\yes\train\IMG_2530_MOV,yes
C:\Silent Speech Recognition Project\Dataset\custom_processed1\speaker 10\yes\train\IMG_2531_MOV,yes
C:\Silent Speech Recognition Project\Dataset\custom_processed1\speaker 10\yes\train\IMG_2532_MOV,yes
C:\Silent Speech Recognition Project\Dataset\custom_processed1\speaker 10\yes\train\IMG_2533_MOV,yes
C:\Silent Speech Recognition Project\Dataset\custom_processed1\speaker 11\help\train\IMG_2452_MOV,help
C:\Silent Speech Recognition Project\Dataset\custom_processed1\speaker 11\help\train\IMG_2453_MOV,help
C:\Silent Speech Recognition Project\Dataset\custom_processed1\speaker 11\help\train\IMG_2454_MOV,help
C:\Silent Speech Recognition Project\Dataset\custom_processed1\speaker 11\help\train\IMG_2455_MOV,help
C:\Silent Speech Recognition Project\Dataset\custom_processed1\speaker 11\help\train\IMG_2456_MOV,help
C:\Silent Speech Recognition Project\Dataset\custom_processed1\speaker 11\help\train\IMG_2457_MOV,help
C:\Silent Speech Recognition Project\Dataset\custom_processed1\speaker 11\help\train\IMG_2458_MOV,help
C:\Silent Speech Recognition Project\Dataset\custom_processed1\speaker 11\help\train\IMG_2459_MOV,help
C:\Silent Speech Recognition Project\Dataset\custom_processed1\speaker 11\no\train\IMG_2491_MOV,no
C:\Silent Speech Recognition Project\Dataset\custom_processed1\speaker 11\no\train\IMG_2492_MOV,no
C:\Silent Speech Recognition Project\Dataset\custom_processed1\speaker 11\no\train\IMG_2493_MOV,no
C:\Silent Speech Recognition Project\Dataset\custom_processed1\speaker 11\no\train\IMG_2494_MOV,no
C:\Silent Speech Recognition Project\Dataset\custom_processed1\speaker 11\no\train\IMG_2495_MOV,no
C:\Silent Speech Recognition Project\Dataset\custom_processed1\speaker 11\no\train\IMG_2496_MOV,no
C:\Silent Speech Recognition Project\Dataset\custom_processed1\speaker 11\no\train\IMG_2497_MOV,no
C:\Silent Speech Recognition Project\Dataset\custom_processed1\speaker 11\no\train\IMG_2498_MOV,no
C:\Silent Speech Recognition Project\Dataset\custom_processed1\speaker 11\pain\train\IMG_2452_MOV,pain
C:\Silent Speech Recognition Project\Dataset\custom_processed1\speaker 11\pain\train\IMG_2453_MOV,pain
C:\Silent Speech Recognition Project\Dataset\custom_processed1\speaker 11\pain\train\IMG_2454_MOV,pain
C:\Silent Speech Recognition Project\Dataset\custom_processed1\speaker 11\pain\train\IMG_2455_MOV,pain
C:\Silent Speech Recognition Project\Dataset\custom_processed1\speaker 11\pain\train\IMG_2456_MOV,pain
C:\Silent Speech Recognition Project\Dataset\custom_processed1\speaker 11\pain\train\IMG_2457_MOV,pain
C:\Silent Speech Recognition Project\Dataset\custom_processed1\speaker 11\pain\train\IMG_2458_MOV,pain
C:\Silent Speech Recognition Project\Dataset\custom_processed1\speaker 11\pain\train\IMG_2459_MOV,pain
C:\Silent Speech Recognition Project\Dataset\custom_processed1\speaker 11\water\train\IMG_2463_MOV,water
C:\Silent Speech Recognition Project\Dataset\custom_processed1\speaker 11\water\train\IMG_2464_MOV,water
C:\Silent Speech Recognition Project\Dataset\custom_processed1\speaker 11\water\train\IMG_2465_MOV,water
C:\Silent Speech Recognition Project\Dataset\custom_processed1\speaker 11\water\train\IMG_2466_MOV,water
C:\Silent Speech Recognition Project\Dataset\custom_processed1\speaker 11\water\train\IMG_2468_MOV,water
C:\Silent Speech Recognition Project\Dataset\custom_processed1\speaker 11\water\train\IMG_2469_MOV,water
C:\Silent Speech Recognition Project\Dataset\custom_processed1\speaker 11\water\train\IMG_2470_MOV,water
C:\Silent Speech Recognition Project\Dataset\custom_processed1\speaker 11\water\train\IMG_2471_MOV,water
C:\Silent Speech Recognition Project\Dataset\custom_processed1\speaker 11\yes\train\IMG_2478_MOV,yes
C:\Silent Speech Recognition Project\Dataset\custom_processed1\speaker 11\yes\train\IMG_2479_MOV,yes
C:\Silent Speech Recognition Project\Dataset\custom_processed1\speaker 11\yes\train\IMG_2480_MOV,yes
C:\Silent Speech Recognition Project\Dataset\custom_processed1\speaker 11\yes\train\IMG_2481_MOV,yes
C:\Silent Speech Recognition Project\Dataset\custom_processed1\speaker 11\yes\train\IMG_2482_MOV,yes
C:\Silent Speech Recognition Project\Dataset\custom_processed1\speaker 11\yes\train\IMG_2483_MOV,yes
C:\Silent Speech Recognition Project\Dataset\custom_processed1\speaker 11\yes\train\IMG_2484_MOV,yes
C:\Silent Speech Recognition Project\Dataset\custom_processed1\speaker 11\yes\train\IMG_2485_MOV,yes
C:\Silent Speech Recognition Project\Dataset\custom_processed1\speaker 2\help\train\IMG_6561_MOV,help
C:\Silent Speech Recognition Project\Dataset\custom_processed1\speaker 2\help\train\IMG_6562_MOV,help
C:\Silent Speech Recognition Project\Dataset\custom_processed1\speaker 2\help\train\IMG_6563_MOV,help
C:\Silent Speech Recognition Project\Dataset\custom_processed1\speaker 2\help\train\IMG_6564_MOV,help
C:\Silent Speech Recognition Project\Dataset\custom_processed1\speaker 2\help\train\IMG_6565_MOV,help
C:\Silent Speech Recognition Project\Dataset\custom_processed1\speaker 2\help\train\IMG_6566_MOV,help
C:\Silent Speech Recognition Project\Dataset\custom_processed1\speaker 2\help\train\IMG_6567_MOV,help
C:\Silent Speech Recognition Project\Dataset\custom_processed1\speaker 2\help\train\IMG_6568_MOV,help
C:\Silent Speech Recognition Project\Dataset\custom_processed1\speaker 2\no\train\IMG_6549_MOV,no
C:\Silent Speech Recognition Project\Dataset\custom_processed1\speaker 2\no\train\IMG_6550_MOV,no
C:\Silent Speech Recognition Project\Dataset\custom_processed1\speaker 2\no\train\IMG_6551_MOV,no
C:\Silent Speech Recognition Project\Dataset\custom_processed1\speaker 2\no\train\IMG_6552_MOV,no
C:\Silent Speech Recognition Project\Dataset\custom_processed1\speaker 2\no\train\IMG_6553_MOV,no
C:\Silent Speech Recognition Project\Dataset\custom_processed1\speaker 2\no\train\IMG_6554_MOV,no
C:\Silent Speech Recognition Project\Dataset\custom_processed1\speaker 2\no\train\IMG_6556_MOV,no
C:\Silent Speech Recognition Project\Dataset\custom_processed1\speaker 2\no\train\IMG_6557_MOV,no
C:\Silent Speech Recognition Project\Dataset\custom_processed1\speaker 2\pain\train\IMG_6583_MOV,pain
C:\Silent Speech Recognition Project\Dataset\custom_processed1\speaker 2\pain\train\IMG_6585_MOV,pain
C:\Silent Speech Recognition Project\Dataset\custom_processed1\speaker 2\pain\train\IMG_6586_MOV,pain
C:\Silent Speech Recognition Project\Dataset\custom_processed1\speaker 2\pain\train\IMG_6587_MOV,pain
C:\Silent Speech Recognition Project\Dataset\custom_processed1\speaker 2\pain\train\IMG_6588_MOV,pain
C:\Silent Speech Recognition Project\Dataset\custom_processed1\speaker 2\pain\train\IMG_6590_MOV,pain
C:\Silent Speech Recognition Project\Dataset\custom_processed1\speaker 2\pain\train\IMG_6591_MOV,pain
C:\Silent Speech Recognition Project\Dataset\custom_processed1\speaker 2\pain\train\IMG_6593_MOV,pain
C:\Silent Speech Recognition Project\Dataset\custom_processed1\speaker 2\water\train\IMG_6573_MOV,water
C:\Silent Speech Recognition Project\Dataset\custom_processed1\speaker 2\water\train\IMG_6574_MOV,water
C:\Silent Speech Recognition Project\Dataset\custom_processed1\speaker 2\water\train\IMG_6575_MOV,water
C:\Silent Speech Recognition Project\Dataset\custom_processed1\speaker 2\water\train\IMG_6576_MOV,water
C:\Silent Speech Recognition Project\Dataset\custom_processed1\speaker 2\water\train\IMG_6577_MOV,water
C:\Silent Speech Recognition Project\Dataset\custom_processed1\speaker 2\water\train\IMG_6578_MOV,water
C:\Silent Speech Recognition Project\Dataset\custom_processed1\speaker 2\water\train\IMG_6579_MOV,water
C:\Silent Speech Recognition Project\Dataset\custom_processed1\speaker 2\water\train\IMG_6580_MOV,water
C:\Silent Speech Recognition Project\Dataset\custom_processed1\speaker 2\yes\train\IMG_6538_MOV,yes
C:\Silent Speech Recognition Project\Dataset\custom_processed1\speaker 2\yes\train\IMG_6540_MOV,yes
C:\Silent Speech Recognition Project\Dataset\custom_processed1\speaker 2\yes\train\IMG_6541_MOV,yes
C:\Silent Speech Recognition Project\Dataset\custom_processed1\speaker 2\yes\train\IMG_6542_MOV,yes
C:\Silent Speech Recognition Project\Dataset\custom_processed1\speaker 2\yes\train\IMG_6543_MOV,yes
C:\Silent Speech Recognition Project\Dataset\custom_processed1\speaker 2\yes\train\IMG_6544_MOV,yes
C:\Silent Speech Recognition Project\Dataset\custom_processed1\speaker 2\yes\train\IMG_6545_MOV,yes
C:\Silent Speech Recognition Project\Dataset\custom_processed1\speaker 2\yes\train\IMG_6546_MOV,yes
C:\Silent Speech Recognition Project\Dataset\custom_processed1\speaker 3\help\train\IMG_9798_MOV,help
C:\Silent Speech Recognition Project\Dataset\custom_processed1\speaker 3\help\train\IMG_9800_MOV,help
C:\Silent Speech Recognition Project\Dataset\custom_processed1\speaker 3\help\train\IMG_9801_MOV,help
C:\Silent Speech Recognition Project\Dataset\custom_processed1\speaker 3\help\train\IMG_9802_MOV,help
C:\Silent Speech Recognition Project\Dataset\custom_processed1\speaker 3\help\train\IMG_9804_MOV,help
C:\Silent Speech Recognition Project\Dataset\custom_processed1\speaker 3\help\train\IMG_9806_MOV,help
C:\Silent Speech Recognition Project\Dataset\custom_processed1\speaker 3\help\train\IMG_9807_MOV,help
C:\Silent Speech Recognition Project\Dataset\custom_processed1\speaker 3\help\train\IMG_9808_MOV,help
C:\Silent Speech Recognition Project\Dataset\custom_processed1\speaker 3\no\train\IMG_9748_MOV,no
C:\Silent Speech Recognition Project\Dataset\custom_processed1\speaker 3\no\train\IMG_9749_MOV,no
C:\Silent Speech Recognition Project\Dataset\custom_processed1\speaker 3\no\train\IMG_9751_MOV,no
C:\Silent Speech Recognition Project\Dataset\custom_processed1\speaker 3\no\train\IMG_9753_MOV,no
C:\Silent Speech Recognition Project\Dataset\custom_processed1\speaker 3\no\train\IMG_9754_MOV,no
C:\Silent Speech Recognition Project\Dataset\custom_processed1\speaker 3\no\train\IMG_9755_MOV,no
C:\Silent Speech Recognition Project\Dataset\custom_processed1\speaker 3\no\train\IMG_9757_MOV,no
C:\Silent Speech Recognition Project\Dataset\custom_processed1\speaker 3\no\train\IMG_9758_MOV,no
C:\Silent Speech Recognition Project\Dataset\custom_processed1\speaker 3\pain\train\IMG_9765_MOV,pain
C:\Silent Speech Recognition Project\Dataset\custom_processed1\speaker 3\pain\train\IMG_9766_MOV,pain
C:\Silent Speech Recognition Project\Dataset\custom_processed1\speaker 3\pain\train\IMG_9769_MOV,pain
C:\Silent Speech Recognition Project\Dataset\custom_processed1\speaker 3\pain\train\IMG_9770_MOV,pain
C:\Silent Speech Recognition Project\Dataset\custom_processed1\speaker 3\pain\train\IMG_9771_MOV,pain
C:\Silent Speech Recognition Project\Dataset\custom_processed1\speaker 3\pain\train\IMG_9773_MOV,pain
C:\Silent Speech Recognition Project\Dataset\custom_processed1\speaker 3\pain\train\IMG_9776_MOV,pain
C:\Silent Speech Recognition Project\Dataset\custom_processed1\speaker 3\pain\train\IMG_9779_MOV,pain
C:\Silent Speech Recognition Project\Dataset\custom_processed1\speaker 3\water\train\IMG_9787_MOV,water
C:\Silent Speech Recognition Project\Dataset\custom_processed1\speaker 3\water\train\IMG_9789_MOV,water
C:\Silent Speech Recognition Project\Dataset\custom_processed1\speaker 3\water\train\IMG_9790_MOV,water
C:\Silent Speech Recognition Project\Dataset\custom_processed1\speaker 3\water\train\IMG_9791_MOV,water
C:\Silent Speech Recognition Project\Dataset\custom_processed1\speaker 3\water\train\IMG_9792_MOV,water
C:\Silent Speech Recognition Project\Dataset\custom_processed1\speaker 3\water\train\IMG_9793_MOV,water
C:\Silent Speech Recognition Project\Dataset\custom_processed1\speaker 3\water\train\IMG_9794_MOV,water
C:\Silent Speech Recognition Project\Dataset\custom_processed1\speaker 3\water\train\IMG_9795_MOV,water
C:\Silent Speech Recognition Project\Dataset\custom_processed1\speaker 3\yes\train\IMG_9731_MOV,yes
C:\Silent Speech Recognition Project\Dataset\custom_processed1\speaker 3\yes\train\IMG_9732_MOV,yes
C:\Silent Speech Recognition Project\Dataset\custom_processed1\speaker 3\yes\train\IMG_9733_MOV,yes
C:\Silent Speech Recognition Project\Dataset\custom_processed1\speaker 3\yes\train\IMG_9734_MOV,yes
C:\Silent Speech Recognition Project\Dataset\custom_processed1\speaker 3\yes\train\IMG_9735_MOV,yes
C:\Silent Speech Recognition Project\Dataset\custom_processed1\speaker 3\yes\train\IMG_9736_MOV,yes
C:\Silent Speech Recognition Project\Dataset\custom_processed1\speaker 3\yes\train\IMG_9738_MOV,yes
C:\Silent Speech Recognition Project\Dataset\custom_processed1\speaker 3\yes\train\IMG_9741_MOV,yes
C:\Silent Speech Recognition Project\Dataset\custom_processed1\speaker 4\help\train\IMG_9819_MOV,help
C:\Silent Speech Recognition Project\Dataset\custom_processed1\speaker 4\help\train\IMG_9821_MOV,help
C:\Silent Speech Recognition Project\Dataset\custom_processed1\speaker 4\help\train\IMG_9824_MOV,help
C:\Silent Speech Recognition Project\Dataset\custom_processed1\speaker 4\help\train\IMG_9826_MOV,help
C:\Silent Speech Recognition Project\Dataset\custom_processed1\speaker 4\help\train\IMG_9828_MOV,help
C:\Silent Speech Recognition Project\Dataset\custom_processed1\speaker 4\help\train\IMG_9832_MOV,help
C:\Silent Speech Recognition Project\Dataset\custom_processed1\speaker 4\help\train\IMG_9833_MOV,help
C:\Silent Speech Recognition Project\Dataset\custom_processed1\speaker 4\help\train\IMG_9834_MOV,help
C:\Silent Speech Recognition Project\Dataset\custom_processed1\speaker 4\no\train\IMG_9853_MOV,no
C:\Silent Speech Recognition Project\Dataset\custom_processed1\speaker 4\no\train\IMG_9854_MOV,no
C:\Silent Speech Recognition Project\Dataset\custom_processed1\speaker 4\no\train\IMG_9855_MOV,no
C:\Silent Speech Recognition Project\Dataset\custom_processed1\speaker 4\no\train\IMG_9856_MOV,no
C:\Silent Speech Recognition Project\Dataset\custom_processed1\speaker 4\no\train\IMG_9857_MOV,no
C:\Silent Speech Recognition Project\Dataset\custom_processed1\speaker 4\no\train\IMG_9858_MOV,no
C:\Silent Speech Recognition Project\Dataset\custom_processed1\speaker 4\no\train\IMG_9859_MOV,no
C:\Silent Speech Recognition Project\Dataset\custom_processed1\speaker 4\no\train\IMG_9860_MOV,no
C:\Silent Speech Recognition Project\Dataset\custom_processed1\speaker 4\pain\train\IMG_9865_MOV,pain
C:\Silent Speech Recognition Project\Dataset\custom_processed1\speaker 4\pain\train\IMG_9866_MOV,pain
C:\Silent Speech Recognition Project\Dataset\custom_processed1\speaker 4\pain\train\IMG_9867_MOV,pain
C:\Silent Speech Recognition Project\Dataset\custom_processed1\speaker 4\pain\train\IMG_9868_MOV,pain
C:\Silent Speech Recognition Project\Dataset\custom_processed1\speaker 4\pain\train\IMG_9869_MOV,pain
C:\Silent Speech Recognition Project\Dataset\custom_processed1\speaker 4\pain\train\IMG_9870_MOV,pain
C:\Silent Speech Recognition Project\Dataset\custom_processed1\speaker 4\pain\train\IMG_9873_MOV,pain
C:\Silent Speech Recognition Project\Dataset\custom_processed1\speaker 4\pain\train\IMG_9877_MOV,pain
C:\Silent Speech Recognition Project\Dataset\custom_processed1\speaker 4\water\train\IMG_9881_MOV,water
C:\Silent Speech Recognition Project\Dataset\custom_processed1\speaker 4\water\train\IMG_9882_MOV,water
C:\Silent Speech Recognition Project\Dataset\custom_processed1\speaker 4\water\train\IMG_9883_MOV,water
C:\Silent Speech Recognition Project\Dataset\custom_processed1\speaker 4\water\train\IMG_9887_MOV,water
C:\Silent Speech Recognition Project\Dataset\custom_processed1\speaker 4\water\train\IMG_9890_MOV,water
C:\Silent Speech Recognition Project\Dataset\custom_processed1\speaker 4\water\train\IMG_9891_MOV,water
C:\Silent Speech Recognition Project\Dataset\custom_processed1\speaker 4\water\train\IMG_9892_MOV,water
C:\Silent Speech Recognition Project\Dataset\custom_processed1\speaker 4\water\train\IMG_9894_MOV,water
C:\Silent Speech Recognition Project\Dataset\custom_processed1\speaker 4\yes\train\IMG_9839_MOV,yes
C:\Silent Speech Recognition Project\Dataset\custom_processed1\speaker 4\yes\train\IMG_9840_MOV,yes
C:\Silent Speech Recognition Project\Dataset\custom_processed1\speaker 4\yes\train\IMG_9841_MOV,yes
C:\Silent Speech Recognition Project\Dataset\custom_processed1\speaker 4\yes\train\IMG_9842_MOV,yes
C:\Silent Speech Recognition Project\Dataset\custom_processed1\speaker 4\yes\train\IMG_9844_MOV,yes
C:\Silent Speech Recognition Project\Dataset\custom_processed1\speaker 4\yes\train\IMG_9845_MOV,yes
C:\Silent Speech Recognition Project\Dataset\custom_processed1\speaker 4\yes\train\IMG_9846_MOV,yes
C:\Silent Speech Recognition Project\Dataset\custom_processed1\speaker 4\yes\train\IMG_9847_MOV,yes
C:\Silent Speech Recognition Project\Dataset\custom_processed1\speaker 5\help\train\IMG_2241_MOV,help
C:\Silent Speech Recognition Project\Dataset\custom_processed1\speaker 5\help\train\IMG_2242_MOV,help
C:\Silent Speech Recognition Project\Dataset\custom_processed1\speaker 5\help\train\IMG_2243_MOV,help
C:\Silent Speech Recognition Project\Dataset\custom_processed1\speaker 5\help\train\IMG_2244_MOV,help
C:\Silent Speech Recognition Project\Dataset\custom_processed1\speaker 5\help\train\IMG_2245_MOV,help
C:\Silent Speech Recognition Project\Dataset\custom_processed1\speaker 5\help\train\IMG_2246_MOV,help
C:\Silent Speech Recognition Project\Dataset\custom_processed1\speaker 5\help\train\IMG_2247_MOV,help
C:\Silent Speech Recognition Project\Dataset\custom_processed1\speaker 5\help\train\IMG_2251_MOV,help
C:\Silent Speech Recognition Project\Dataset\custom_processed1\speaker 5\no\train\IMG_2225_MOV,no
C:\Silent Speech Recognition Project\Dataset\custom_processed1\speaker 5\no\train\IMG_2226_MOV,no
C:\Silent Speech Recognition Project\Dataset\custom_processed1\speaker 5\no\train\IMG_2228_MOV,no
C:\Silent Speech Recognition Project\Dataset\custom_processed1\speaker 5\no\train\IMG_2229_MOV,no
C:\Silent Speech Recognition Project\Dataset\custom_processed1\speaker 5\no\train\IMG_2231_MOV,no
C:\Silent Speech Recognition Project\Dataset\custom_processed1\speaker 5\no\train\IMG_2232_MOV,no
C:\Silent Speech Recognition Project\Dataset\custom_processed1\speaker 5\no\train\IMG_2233_MOV,no
C:\Silent Speech Recognition Project\Dataset\custom_processed1\speaker 5\no\train\IMG_2234_MOV,no
C:\Silent Speech Recognition Project\Dataset\custom_processed1\speaker 5\pain\train\IMG_2186_MOV,pain
C:\Silent Speech Recognition Project\Dataset\custom_processed1\speaker 5\pain\train\IMG_2188_MOV,pain
C:\Silent Speech Recognition Project\Dataset\custom_processed1\speaker 5\pain\train\IMG_2189_MOV,pain
C:\Silent Speech Recognition Project\Dataset\custom_processed1\speaker 5\pain\train\IMG_2190_MOV,pain
C:\Silent Speech Recognition Project\Dataset\custom_processed1\speaker 5\pain\train\IMG_2191_MOV,pain
C:\Silent Speech Recognition Project\Dataset\custom_processed1\speaker 5\pain\train\IMG_2192_MOV,pain
C:\Silent Speech Recognition Project\Dataset\custom_processed1\speaker 5\pain\train\IMG_2193_MOV,pain
C:\Silent Speech Recognition Project\Dataset\custom_processed1\speaker 5\pain\train\IMG_2195_MOV,pain
C:\Silent Speech Recognition Project\Dataset\custom_processed1\speaker 5\water\train\IMG_2262_MOV,water
C:\Silent Speech Recognition Project\Dataset\custom_processed1\speaker 5\water\train\IMG_2263_MOV,water
C:\Silent Speech Recognition Project\Dataset\custom_processed1\speaker 5\water\train\IMG_2264_MOV,water
C:\Silent Speech Recognition Project\Dataset\custom_processed1\speaker 5\water\train\IMG_2265_MOV,water
C:\Silent Speech Recognition Project\Dataset\custom_processed1\speaker 5\water\train\IMG_2266_MOV,water
C:\Silent Speech Recognition Project\Dataset\custom_processed1\speaker 5\water\train\IMG_2269_MOV,water
C:\Silent Speech Recognition Project\Dataset\custom_processed1\speaker 5\water\train\IMG_2270_MOV,water
C:\Silent Speech Recognition Project\Dataset\custom_processed1\speaker 5\water\train\IMG_2272_MOV,water
C:\Silent Speech Recognition Project\Dataset\custom_processed1\speaker 5\yes\train\IMG_2213_MOV,yes
C:\Silent Speech Recognition Project\Dataset\custom_processed1\speaker 5\yes\train\IMG_2214_MOV,yes
C:\Silent Speech Recognition Project\Dataset\custom_processed1\speaker 5\yes\train\IMG_2215_MOV,yes
C:\Silent Speech Recognition Project\Dataset\custom_processed1\speaker 5\yes\train\IMG_2218_MOV,yes
C:\Silent Speech Recognition Project\Dataset\custom_processed1\speaker 5\yes\train\IMG_2219_MOV,yes
C:\Silent Speech Recognition Project\Dataset\custom_processed1\speaker 5\yes\train\IMG_2220_MOV,yes
C:\Silent Speech Recognition Project\Dataset\custom_processed1\speaker 5\yes\train\IMG_2221_MOV,yes
C:\Silent Speech Recognition Project\Dataset\custom_processed1\speaker 5\yes\train\IMG_2222_MOV,yes
C:\Silent Speech Recognition Project\Dataset\custom_processed1\speaker 6\help\train\IMG_7330_MOV,help
C:\Silent Speech Recognition Project\Dataset\custom_processed1\speaker 6\help\train\IMG_7331_MOV,help
C:\Silent Speech Recognition Project\Dataset\custom_processed1\speaker 6\help\train\IMG_7332_MOV,help
C:\Silent Speech Recognition Project\Dataset\custom_processed1\speaker 6\help\train\IMG_7333_MOV,help
C:\Silent Speech Recognition Project\Dataset\custom_processed1\speaker 6\help\train\IMG_7334_MOV,help
C:\Silent Speech Recognition Project\Dataset\custom_processed1\speaker 6\help\train\IMG_7335_MOV,help
C:\Silent Speech Recognition Project\Dataset\custom_processed1\speaker 6\help\train\IMG_7336_MOV,help
C:\Silent Speech Recognition Project\Dataset\custom_processed1\speaker 6\help\train\IMG_7337_MOV,help
C:\Silent Speech Recognition Project\Dataset\custom_processed1\speaker 6\no\train\IMG_7361_MOV,no
C:\Silent Speech Recognition Project\Dataset\custom_processed1\speaker 6\no\train\IMG_7362_MOV,no
C:\Silent Speech Recognition Project\Dataset\custom_processed1\speaker 6\no\train\IMG_7363_MOV,no
C:\Silent Speech Recognition Project\Dataset\custom_processed1\speaker 6\no\train\IMG_7364_MOV,no
C:\Silent Speech Recognition Project\Dataset\custom_processed1\speaker 6\no\train\IMG_7365_MOV,no
C:\Silent Speech Recognition Project\Dataset\custom_processed1\speaker 6\no\train\IMG_7366_MOV,no
C:\Silent Speech Recognition Project\Dataset\custom_processed1\speaker 6\no\train\IMG_7367_MOV,no
C:\Silent Speech Recognition Project\Dataset\custom_processed1\speaker 6\no\train\IMG_7368_MOV,no
C:\Silent Speech Recognition Project\Dataset\custom_processed1\speaker 6\pain\train\IMG_7340_MOV,pain
C:\Silent Speech Recognition Project\Dataset\custom_processed1\speaker 6\pain\train\IMG_7341_MOV,pain
C:\Silent Speech Recognition Project\Dataset\custom_processed1\speaker 6\pain\train\IMG_7342_MOV,pain
C:\Silent Speech Recognition Project\Dataset\custom_processed1\speaker 6\pain\train\IMG_7343_MOV,pain
C:\Silent Speech Recognition Project\Dataset\custom_processed1\speaker 6\pain\train\IMG_7344_MOV,pain
C:\Silent Speech Recognition Project\Dataset\custom_processed1\speaker 6\pain\train\IMG_7345_MOV,pain
C:\Silent Speech Recognition Project\Dataset\custom_processed1\speaker 6\pain\train\IMG_7346_MOV,pain
C:\Silent Speech Recognition Project\Dataset\custom_processed1\speaker 6\pain\train\IMG_7347_MOV,pain
C:\Silent Speech Recognition Project\Dataset\custom_processed1\speaker 6\water\train\IMG_7311_MOV,water
C:\Silent Speech Recognition Project\Dataset\custom_processed1\speaker 6\water\train\IMG_7313_MOV,water
C:\Silent Speech Recognition Project\Dataset\custom_processed1\speaker 6\water\train\IMG_7315_MOV,water
C:\Silent Speech Recognition Project\Dataset\custom_processed1\speaker 6\water\train\IMG_7316_MOV,water
C:\Silent Speech Recognition Project\Dataset\custom_processed1\speaker 6\water\train\IMG_7317_MOV,water
C:\Silent Speech Recognition Project\Dataset\custom_processed1\speaker 6\water\train\IMG_7318_MOV,water
C:\Silent Speech Recognition Project\Dataset\custom_processed1\speaker 6\water\train\IMG_7319_MOV,water
C:\Silent Speech Recognition Project\Dataset\custom_processed1\speaker 6\water\train\IMG_7320_MOV,water
C:\Silent Speech Recognition Project\Dataset\custom_processed1\speaker 6\yes\train\IMG_7350_MOV,yes
C:\Silent Speech Recognition Project\Dataset\custom_processed1\speaker 6\yes\train\IMG_7351_MOV,yes
C:\Silent Speech Recognition Project\Dataset\custom_processed1\speaker 6\yes\train\IMG_7352_MOV,yes
C:\Silent Speech Recognition Project\Dataset\custom_processed1\speaker 6\yes\train\IMG_7353_MOV,yes
C:\Silent Speech Recognition Project\Dataset\custom_processed1\speaker 6\yes\train\IMG_7354_MOV,yes
C:\Silent Speech Recognition Project\Dataset\custom_processed1\speaker 6\yes\train\IMG_7355_MOV,yes
C:\Silent Speech Recognition Project\Dataset\custom_processed1\speaker 6\yes\train\IMG_7356_MOV,yes
C:\Silent Speech Recognition Project\Dataset\custom_processed1\speaker 6\yes\train\IMG_7357_MOV,yes
C:\Silent Speech Recognition Project\Dataset\custom_processed1\speaker 7\help\train\IMG_7396_MOV,help
C:\Silent Speech Recognition Project\Dataset\custom_processed1\speaker 7\help\train\IMG_7397_MOV,help
C:\Silent Speech Recognition Project\Dataset\custom_processed1\speaker 7\help\train\IMG_7398_MOV,help
C:\Silent Speech Recognition Project\Dataset\custom_processed1\speaker 7\help\train\IMG_7399_MOV,help
C:\Silent Speech Recognition Project\Dataset\custom_processed1\speaker 7\help\train\IMG_7400_MOV,help
C:\Silent Speech Recognition Project\Dataset\custom_processed1\speaker 7\help\train\IMG_7401_MOV,help
C:\Silent Speech Recognition Project\Dataset\custom_processed1\speaker 7\help\train\IMG_7403_MOV,help
C:\Silent Speech Recognition Project\Dataset\custom_processed1\speaker 7\help\train\IMG_7404_MOV,help
C:\Silent Speech Recognition Project\Dataset\custom_processed1\speaker 7\no\train\IMG_7421_MOV,no
C:\Silent Speech Recognition Project\Dataset\custom_processed1\speaker 7\no\train\IMG_7422_MOV,no
C:\Silent Speech Recognition Project\Dataset\custom_processed1\speaker 7\no\train\IMG_7424_MOV,no
C:\Silent Speech Recognition Project\Dataset\custom_processed1\speaker 7\no\train\IMG_7425_MOV,no
C:\Silent Speech Recognition Project\Dataset\custom_processed1\speaker 7\no\train\IMG_7426_MOV,no
C:\Silent Speech Recognition Project\Dataset\custom_processed1\speaker 7\no\train\IMG_7427_MOV,no
C:\Silent Speech Recognition Project\Dataset\custom_processed1\speaker 7\no\train\IMG_7428_MOV,no
C:\Silent Speech Recognition Project\Dataset\custom_processed1\speaker 7\no\train\IMG_7429_MOV,no
C:\Silent Speech Recognition Project\Dataset\custom_processed1\speaker 7\pain\train\IMG_7384_MOV,pain
C:\Silent Speech Recognition Project\Dataset\custom_processed1\speaker 7\pain\train\IMG_7385_MOV,pain
C:\Silent Speech Recognition Project\Dataset\custom_processed1\speaker 7\pain\train\IMG_7386_MOV,pain
C:\Silent Speech Recognition Project\Dataset\custom_processed1\speaker 7\pain\train\IMG_7387_MOV,pain
C:\Silent Speech Recognition Project\Dataset\custom_processed1\speaker 7\pain\train\IMG_7388_MOV,pain
C:\Silent Speech Recognition Project\Dataset\custom_processed1\speaker 7\pain\train\IMG_7389_MOV,pain
C:\Silent Speech Recognition Project\Dataset\custom_processed1\speaker 7\pain\train\IMG_7391_MOV,pain
C:\Silent Speech Recognition Project\Dataset\custom_processed1\speaker 7\pain\train\IMG_7392_MOV,pain
C:\Silent Speech Recognition Project\Dataset\custom_processed1\speaker 7\water\train\IMG_7373_MOV,water
C:\Silent Speech Recognition Project\Dataset\custom_processed1\speaker 7\water\train\IMG_7374_MOV,water
C:\Silent Speech Recognition Project\Dataset\custom_processed1\speaker 7\water\train\IMG_7376_MOV,water
C:\Silent Speech Recognition Project\Dataset\custom_processed1\speaker 7\water\train\IMG_7377_MOV,water
C:\Silent Speech Recognition Project\Dataset\custom_processed1\speaker 7\water\train\IMG_7378_MOV,water
C:\Silent Speech Recognition Project\Dataset\custom_processed1\speaker 7\water\train\IMG_7379_MOV,water
C:\Silent Speech Recognition Project\Dataset\custom_processed1\speaker 7\water\train\IMG_7380_MOV_mp4,water
C:\Silent Speech Recognition Project\Dataset\custom_processed1\speaker 7\water\train\IMG_7381_MOV,water
C:\Silent Speech Recognition Project\Dataset\custom_processed1\speaker 7\yes\train\IMG_7410_MOV,yes
C:\Silent Speech Recognition Project\Dataset\custom_processed1\speaker 7\yes\train\IMG_7411_MOV,yes
C:\Silent Speech Recognition Project\Dataset\custom_processed1\speaker 7\yes\train\IMG_7412_MOV,yes
C:\Silent Speech Recognition Project\Dataset\custom_processed1\speaker 7\yes\train\IMG_7413_MOV,yes
C:\Silent Speech Recognition Project\Dataset\custom_processed1\speaker 7\yes\train\IMG_7414_MOV,yes
C:\Silent Speech Recognition Project\Dataset\custom_processed1\speaker 7\yes\train\IMG_7415_MOV,yes
C:\Silent Speech Recognition Project\Dataset\custom_processed1\speaker 7\yes\train\IMG_7416_MOV,yes
C:\Silent Speech Recognition Project\Dataset\custom_processed1\speaker 7\yes\train\IMG_7417_MOV,yes
C:\Silent Speech Recognition Project\Dataset\custom_processed1\speaker 8\help\train\IMG_7456_MOV,help
C:\Silent Speech Recognition Project\Dataset\custom_processed1\speaker 8\help\train\IMG_7457_MOV,help
C:\Silent Speech Recognition Project\Dataset\custom_processed1\speaker 8\help\train\IMG_7458_MOV,help
C:\Silent Speech Recognition Project\Dataset\custom_processed1\speaker 8\help\train\IMG_7459_MOV,help
C:\Silent Speech Recognition Project\Dataset\custom_processed1\speaker 8\help\train\IMG_7460_MOV,help
C:\Silent Speech Recognition Project\Dataset\custom_processed1\speaker 8\help\train\IMG_7461_MOV,help
C:\Silent Speech Recognition Project\Dataset\custom_processed1\speaker 8\help\train\IMG_7462_MOV,help
C:\Silent Speech Recognition Project\Dataset\custom_processed1\speaker 8\help\train\IMG_7463_MOV,help
C:\Silent Speech Recognition Project\Dataset\custom_processed1\speaker 8\no\train\IMG_7481_MOV,no
C:\Silent Speech Recognition Project\Dataset\custom_processed1\speaker 8\no\train\IMG_7482_MOV,no
C:\Silent Speech Recognition Project\Dataset\custom_processed1\speaker 8\no\train\IMG_7483_MOV,no
C:\Silent Speech Recognition Project\Dataset\custom_processed1\speaker 8\no\train\IMG_7484_MOV,no
C:\Silent Speech Recognition Project\Dataset\custom_processed1\speaker 8\no\train\IMG_7485_MOV,no
C:\Silent Speech Recognition Project\Dataset\custom_processed1\speaker 8\no\train\IMG_7486_MOV,no
C:\Silent Speech Recognition Project\Dataset\custom_processed1\speaker 8\no\train\IMG_7487_MOV,no
C:\Silent Speech Recognition Project\Dataset\custom_processed1\speaker 8\no\train\IMG_7488_MOV,no
C:\Silent Speech Recognition Project\Dataset\custom_processed1\speaker 8\pain\train\IMG_7468_MOV,pain
C:\Silent Speech Recognition Project\Dataset\custom_processed1\speaker 8\pain\train\IMG_7470_MOV,pain
C:\Silent Speech Recognition Project\Dataset\custom_processed1\speaker 8\pain\train\IMG_7471_MOV,pain
C:\Silent Speech Recognition Project\Dataset\custom_processed1\speaker 8\pain\train\IMG_7472_MOV,pain
C:\Silent Speech Recognition Project\Dataset\custom_processed1\speaker 8\pain\train\IMG_7473_MOV,pain
C:\Silent Speech Recognition Project\Dataset\custom_processed1\speaker 8\pain\train\IMG_7474_MOV,pain
C:\Silent Speech Recognition Project\Dataset\custom_processed1\speaker 8\pain\train\IMG_7475_MOV,pain
C:\Silent Speech Recognition Project\Dataset\custom_processed1\speaker 8\pain\train\IMG_7476_MOV,pain
C:\Silent Speech Recognition Project\Dataset\custom_processed1\speaker 8\water\train\IMG_7446_MOV,water
C:\Silent Speech Recognition Project\Dataset\custom_processed1\speaker 8\water\train\IMG_7447_MOV,water
C:\Silent Speech Recognition Project\Dataset\custom_processed1\speaker 8\water\train\IMG_7448_MOV,water
C:\Silent Speech Recognition Project\Dataset\custom_processed1\speaker 8\water\train\IMG_7449_MOV,water
C:\Silent Speech Recognition Project\Dataset\custom_processed1\speaker 8\water\train\IMG_7450_MOV,water
C:\Silent Speech Recognition Project\Dataset\custom_processed1\speaker 8\water\train\IMG_7451_MOV,water
C:\Silent Speech Recognition Project\Dataset\custom_processed1\speaker 8\water\train\IMG_7452_MOV,water
C:\Silent Speech Recognition Project\Dataset\custom_processed1\speaker 8\water\train\IMG_7453_MOV,water
C:\Silent Speech Recognition Project\Dataset\custom_processed1\speaker 8\yes\train\IMG_7491_MOV,yes
C:\Silent Speech Recognition Project\Dataset\custom_processed1\speaker 8\yes\train\IMG_7492_MOV,yes
C:\Silent Speech Recognition Project\Dataset\custom_processed1\speaker 8\yes\train\IMG_7493_MOV,yes
C:\Silent Speech Recognition Project\Dataset\custom_processed1\speaker 8\yes\train\IMG_7494_MOV,yes
C:\Silent Speech Recognition Project\Dataset\custom_processed1\speaker 8\yes\train\IMG_7495_MOV,yes
C:\Silent Speech Recognition Project\Dataset\custom_processed1\speaker 8\yes\train\IMG_7496_MOV,yes
C:\Silent Speech Recognition Project\Dataset\custom_processed1\speaker 8\yes\train\IMG_7497_MOV,yes
C:\Silent Speech Recognition Project\Dataset\custom_processed1\speaker 8\yes\train\IMG_7498_MOV,yes
C:\Silent Speech Recognition Project\Dataset\custom_processed1\speaker 9\help\train\IMG_7520_MOV,help
C:\Silent Speech Recognition Project\Dataset\custom_processed1\speaker 9\help\train\IMG_7521_MOV,help
C:\Silent Speech Recognition Project\Dataset\custom_processed1\speaker 9\help\train\IMG_7522_MOV,help
C:\Silent Speech Recognition Project\Dataset\custom_processed1\speaker 9\help\train\IMG_7523_MOV,help
C:\Silent Speech Recognition Project\Dataset\custom_processed1\speaker 9\help\train\IMG_7524_MOV,help
C:\Silent Speech Recognition Project\Dataset\custom_processed1\speaker 9\help\train\IMG_7525_MOV,help
C:\Silent Speech Recognition Project\Dataset\custom_processed1\speaker 9\help\train\IMG_7526_MOV,help
C:\Silent Speech Recognition Project\Dataset\custom_processed1\speaker 9\help\train\IMG_7527_MOV,help
C:\Silent Speech Recognition Project\Dataset\custom_processed1\speaker 9\no\train\IMG_7557_MOV,no
C:\Silent Speech Recognition Project\Dataset\custom_processed1\speaker 9\no\train\IMG_7558_MOV,no
C:\Silent Speech Recognition Project\Dataset\custom_processed1\speaker 9\no\train\IMG_7559_MOV,no
C:\Silent Speech Recognition Project\Dataset\custom_processed1\speaker 9\no\train\IMG_7560_MOV,no
C:\Silent Speech Recognition Project\Dataset\custom_processed1\speaker 9\no\train\IMG_7561_MOV,no
C:\Silent Speech Recognition Project\Dataset\custom_processed1\speaker 9\no\train\IMG_7562_MOV,no
C:\Silent Speech Recognition Project\Dataset\custom_processed1\speaker 9\no\train\IMG_7563_MOV,no
C:\Silent Speech Recognition Project\Dataset\custom_processed1\speaker 9\no\train\IMG_7564_MOV,no
C:\Silent Speech Recognition Project\Dataset\custom_processed1\speaker 9\pain\train\IMG_7531_MOV,pain
C:\Silent Speech Recognition Project\Dataset\custom_processed1\speaker 9\pain\train\IMG_7532_MOV,pain
C:\Silent Speech Recognition Project\Dataset\custom_processed1\speaker 9\pain\train\IMG_7533_MOV,pain
C:\Silent Speech Recognition Project\Dataset\custom_processed1\speaker 9\pain\train\IMG_7534_MOV,pain
C:\Silent Speech Recognition Project\Dataset\custom_processed1\speaker 9\pain\train\IMG_7536_MOV,pain
C:\Silent Speech Recognition Project\Dataset\custom_processed1\speaker 9\pain\train\IMG_7538_MOV,pain
C:\Silent Speech Recognition Project\Dataset\custom_processed1\speaker 9\pain\train\IMG_7539_MOV,pain
C:\Silent Speech Recognition Project\Dataset\custom_processed1\speaker 9\pain\train\IMG_7540_MOV,pain
C:\Silent Speech Recognition Project\Dataset\custom_processed1\speaker 9\water\train\IMG_7510_MOV,water
C:\Silent Speech Recognition Project\Dataset\custom_processed1\speaker 9\water\train\IMG_7511_MOV,water
C:\Silent Speech Recognition Project\Dataset\custom_processed1\speaker 9\water\train\IMG_7512_MOV,water
C:\Silent Speech Recognition Project\Dataset\custom_processed1\speaker 9\water\train\IMG_7513_MOV,water
C:\Silent Speech Recognition Project\Dataset\custom_processed1\speaker 9\water\train\IMG_7514_MOV,water
C:\Silent Speech Recognition Project\Dataset\custom_processed1\speaker 9\water\train\IMG_7515_MOV,water
C:\Silent Speech Recognition Project\Dataset\custom_processed1\speaker 9\water\train\IMG_7516_MOV,water
C:\Silent Speech Recognition Project\Dataset\custom_processed1\speaker 9\water\train\IMG_7517_MOV,water
C:\Silent Speech Recognition Project\Dataset\custom_processed1\speaker 9\yes\train\IMG_7544_MOV,yes
C:\Silent Speech Recognition Project\Dataset\custom_processed1\speaker 9\yes\train\IMG_7545_MOV,yes
C:\Silent Speech Recognition Project\Dataset\custom_processed1\speaker 9\yes\train\IMG_7546_MOV,yes
C:\Silent Speech Recognition Project\Dataset\custom_processed1\speaker 9\yes\train\IMG_7547_MOV,yes
C:\Silent Speech Recognition Project\Dataset\custom_processed1\speaker 9\yes\train\IMG_7548_MOV,yes
C:\Silent Speech Recognition Project\Dataset\custom_processed1\speaker 9\yes\train\IMG_7549_MOV,yes
C:\Silent Speech Recognition Project\Dataset\custom_processed1\speaker 9\yes\train\IMG_7550_MOV,yes
C:\Silent Speech Recognition Project\Dataset\custom_processed1\speaker 9\yes\train\IMG_7551_MOV,yes
